Datetime,Close,High,Low,Open,Volume
2025-02-23 23:00:00+00:00,109.53125,109.59375,109.515625,109.546875,9688.0
2025-02-23 23:15:00+00:00,109.515625,109.53125,109.515625,109.53125,2208.0
2025-02-23 23:30:00+00:00,109.53125,109.53125,109.5,109.53125,3227.0
2025-02-23 23:45:00+00:00,109.53125,109.53125,109.515625,109.515625,1352.0
2025-02-24 00:00:00+00:00,109.53125,109.546875,109.515625,109.53125,3010.0
2025-02-24 00:15:00+00:00,109.515625,109.5625,109.5,109.546875,6825.0
2025-02-24 00:30:00+00:00,109.53125,109.5625,109.515625,109.515625,4913.0
2025-02-24 00:45:00+00:00,109.53125,109.546875,109.53125,109.53125,4359.0
2025-02-24 01:00:00+00:00,109.5625,109.5625,109.515625,109.53125,5078.0
2025-02-24 01:15:00+00:00,109.546875,109.578125,109.546875,109.5625,5015.0
2025-02-24 01:30:00+00:00,109.5625,109.578125,109.5625,109.5625,2482.0
2025-02-24 01:45:00+00:00,109.546875,109.5625,109.53125,109.5625,1994.0
2025-02-24 02:00:00+00:00,109.53125,109.546875,109.515625,109.546875,3287.0
2025-02-24 02:15:00+00:00,109.53125,109.546875,109.515625,109.515625,2299.0
2025-02-24 02:30:00+00:00,109.53125,109.546875,109.515625,109.53125,3179.0
2025-02-24 02:45:00+00:00,109.515625,109.546875,109.515625,109.53125,2434.0
2025-02-24 03:00:00+00:00,109.515625,109.53125,109.5,109.53125,3644.0
2025-02-24 03:15:00+00:00,109.515625,109.53125,109.5,109.515625,2357.0
2025-02-24 03:30:00+00:00,109.5625,109.5625,109.53125,109.53125,2729.0
2025-02-24 03:45:00+00:00,109.546875,109.5625,109.546875,109.546875,641.0
2025-02-24 04:00:00+00:00,109.546875,109.5625,109.546875,109.546875,2998.0
2025-02-24 04:15:00+00:00,109.546875,109.5625,109.546875,109.5625,1127.0
2025-02-24 04:30:00+00:00,109.5625,109.578125,109.546875,109.5625,3783.0
2025-02-24 04:45:00+00:00,109.5625,109.5625,109.546875,109.546875,12980.0
2025-02-24 05:00:00+00:00,109.578125,109.578125,109.546875,109.5625,1294.0
2025-02-24 05:15:00+00:00,109.546875,109.578125,109.546875,109.578125,2056.0
2025-02-24 05:30:00+00:00,109.5625,109.5625,109.53125,109.5625,3086.0
2025-02-24 05:45:00+00:00,109.578125,109.578125,109.546875,109.546875,2082.0
2025-02-24 06:00:00+00:00,109.546875,109.578125,109.53125,109.5625,9600.0
2025-02-24 06:15:00+00:00,109.546875,109.5625,109.53125,109.5625,3602.0
2025-02-24 06:30:00+00:00,109.515625,109.546875,109.515625,109.53125,4964.0
2025-02-24 06:45:00+00:00,109.515625,109.53125,109.5,109.515625,2012.0
2025-02-24 07:00:00+00:00,109.515625,109.53125,109.5,109.5,7683.0
2025-02-24 07:15:00+00:00,109.515625,109.53125,109.5,109.5,8043.0
2025-02-24 07:30:00+00:00,109.578125,109.59375,109.5,109.5,10329.0
2025-02-24 07:45:00+00:00,109.5625,109.59375,109.53125,109.578125,19178.0
2025-02-24 08:00:00+00:00,109.578125,109.578125,109.53125,109.546875,14915.0
2025-02-24 08:15:00+00:00,109.640625,109.65625,109.578125,109.578125,29918.0
2025-02-24 08:30:00+00:00,109.609375,109.640625,109.59375,109.625,15776.0
2025-02-24 08:45:00+00:00,109.625,109.625,109.5625,109.59375,12317.0
2025-02-24 09:00:00+00:00,109.578125,109.640625,109.578125,109.625,21892.0
2025-02-24 09:15:00+00:00,109.59375,109.609375,109.578125,109.59400177001953,20620.0
2025-02-24 09:30:00+00:00,109.578125,109.59375,109.5625,109.59375,14174.0
2025-02-24 09:45:00+00:00,109.59375,109.59375,109.5625,109.578125,11333.0
2025-02-24 10:00:00+00:00,109.578125,109.609375,109.546875,109.59375,26044.0
2025-02-24 10:15:00+00:00,109.546875,109.578125,109.53125,109.578125,8587.0
2025-02-24 10:30:00+00:00,109.53125,109.546875,109.515625,109.546875,11060.0
2025-02-24 10:45:00+00:00,109.53125,109.546875,109.5,109.546875,22611.0
2025-02-24 11:00:00+00:00,109.515625,109.546875,109.515625,109.515625,3662.0
2025-02-24 11:15:00+00:00,109.53125,109.546875,109.515625,109.53099822998047,15515.0
2025-02-24 11:30:00+00:00,109.53125,109.546875,109.515625,109.53125,5767.0
2025-02-24 11:45:00+00:00,109.515625,109.53125,109.5,109.515625,13940.0
2025-02-24 12:00:00+00:00,109.53125,109.546875,109.5,109.5,12809.0
2025-02-24 12:15:00+00:00,109.515625,109.546875,109.5,109.53125,13777.0
2025-02-24 12:30:00+00:00,109.484375,109.515625,109.46875,109.515625,13085.0
2025-02-24 12:45:00+00:00,109.453125,109.484375,109.4375,109.484375,62286.0
2025-02-24 13:00:00+00:00,109.53125,109.546875,109.421875,109.453125,104040.0
2025-02-24 13:15:00+00:00,109.53125,109.609375,109.515625,109.53125,81888.0
2025-02-24 13:30:00+00:00,109.515625,109.5625,109.484375,109.53125,44812.0
2025-02-24 13:45:00+00:00,109.53125,109.53125,109.46875,109.5,50792.0
2025-02-24 14:00:00+00:00,109.484375,109.546875,109.484375,109.53125,39161.0
2025-02-24 14:15:00+00:00,109.515625,109.53125,109.46875,109.5,134071.0
2025-02-24 14:30:00+00:00,109.609375,109.640625,109.484375,109.515625,76877.0
2025-02-24 14:45:00+00:00,109.703125,109.734375,109.59375,109.609375,87043.0
2025-02-24 15:00:00+00:00,109.6875,109.765625,109.671875,109.703125,114983.0
2025-02-24 15:15:00+00:00,109.71875,109.734375,109.671875,109.703125,65647.0
2025-02-24 15:30:00+00:00,109.828125,109.84375,109.703125,109.71875,161459.0
2025-02-24 15:45:00+00:00,109.875,109.890625,109.796875,109.828125,111582.0
2025-02-24 16:00:00+00:00,109.84375,109.875,109.796875,109.875,70059.0
2025-02-24 16:15:00+00:00,109.765625,109.859375,109.75,109.859375,51226.0
2025-02-24 16:30:00+00:00,109.75,109.78125,109.734375,109.75,62116.0
2025-02-24 16:45:00+00:00,109.828125,109.828125,109.734375,109.75,838871.0
2025-02-24 17:00:00+00:00,109.765625,109.828125,109.765625,109.828125,61019.0
2025-02-24 17:15:00+00:00,109.765625,109.78125,109.734375,109.765625,55770.0
2025-02-24 17:30:00+00:00,109.765625,109.8125,109.765625,109.78125,53961.0
2025-02-24 17:45:00+00:00,109.796875,109.84375,109.75,109.765625,58875.0
2025-02-24 18:00:00+00:00,109.859375,109.890625,109.78125,109.796875,74812.0
2025-02-24 18:15:00+00:00,109.859375,109.875,109.828125,109.875,52944.0
2025-02-24 18:30:00+00:00,109.84375,109.890625,109.84375,109.859375,44893.0
2025-02-24 18:45:00+00:00,109.828125,109.859375,109.8125,109.828125,50388.0
2025-02-24 19:00:00+00:00,109.828125,109.84375,109.796875,109.8125,31159.0
2025-02-24 19:15:00+00:00,109.828125,109.875,109.828125,109.84375,37810.0
2025-02-24 19:30:00+00:00,109.796875,109.828125,109.75,109.8125,84053.0
2025-02-24 19:45:00+00:00,109.875,109.875,109.796875,109.796875,202361.0
2025-02-24 20:00:00+00:00,109.84375,109.90625,109.84375,109.875,93927.0
2025-02-24 20:15:00+00:00,109.84375,109.875,109.84375,109.84375,639054.0
2025-02-24 20:30:00+00:00,109.875,109.890625,109.84375,109.859375,86965.0
2025-02-24 20:45:00+00:00,109.84375,109.875,109.8125,109.875,51490.0
2025-02-24 21:00:00+00:00,109.828125,109.859375,109.8125,109.859375,47950.0
2025-02-24 21:15:00+00:00,109.84375,109.859375,109.8125,109.828125,22878.0
2025-02-24 21:30:00+00:00,109.828125,109.859375,109.828125,109.84375,77459.0
2025-02-24 21:45:00+00:00,109.8125,109.84375,109.8125,109.84375,13718.0
2025-02-24 23:00:00+00:00,109.8125,109.828125,109.8125,109.8125,7795.0
2025-02-24 23:15:00+00:00,109.828125,109.84375,109.8125,109.8125,4271.0
2025-02-24 23:30:00+00:00,109.84375,109.859375,109.828125,109.84375,3770.0
2025-02-24 23:45:00+00:00,109.859375,109.875,109.828125,109.84375,1904.0
2025-02-25 00:00:00+00:00,109.875,109.890625,109.859375,109.859375,5400.0
2025-02-25 00:15:00+00:00,109.921875,109.921875,109.859375,109.875,9994.0
2025-02-25 00:30:00+00:00,109.921875,109.9375,109.90625,109.921875,6826.0
2025-02-25 00:45:00+00:00,109.953125,109.953125,109.90625,109.90625,7593.0
2025-02-25 01:00:00+00:00,109.9375,109.96875,109.9375,109.9375,8136.0
2025-02-25 01:15:00+00:00,109.953125,109.984375,109.9375,109.9375,5156.0
2025-02-25 01:30:00+00:00,109.9375,109.96875,109.921875,109.953125,5675.0
2025-02-25 01:45:00+00:00,109.9375,109.953125,109.921875,109.9375,3245.0
2025-02-25 02:00:00+00:00,109.953125,109.96875,109.9375,109.9375,1218.0
2025-02-25 02:15:00+00:00,109.984375,110.0,109.953125,109.953125,13051.0
2025-02-25 02:30:00+00:00,110.015625,110.03125,109.984375,109.984375,10820.0
2025-02-25 02:45:00+00:00,110.0,110.03125,110.0,110.015625,5561.0
2025-02-25 03:00:00+00:00,109.984375,110.015625,109.984375,110.0,431961.0
2025-02-25 03:15:00+00:00,109.96875,109.984375,109.96875,109.984375,3682.0
2025-02-25 03:30:00+00:00,109.96875,110.0,109.96875,109.984375,10179.0
2025-02-25 03:45:00+00:00,109.953125,109.984375,109.953125,109.984375,2807.0
2025-02-25 04:00:00+00:00,109.953125,109.96875,109.9375,109.953125,34742.0
2025-02-25 04:15:00+00:00,109.96875,109.984375,109.953125,109.953125,6925.0
2025-02-25 04:30:00+00:00,109.984375,110.0,109.96875,109.96875,2238.0
2025-02-25 04:45:00+00:00,110.0,110.0,109.984375,109.984375,2782.0
2025-02-25 05:00:00+00:00,109.96875,110.0,109.96875,110.0,3094.0
2025-02-25 05:15:00+00:00,109.984375,109.984375,109.96875,109.96875,1604.0
2025-02-25 05:30:00+00:00,109.984375,110.0,109.96875,109.96875,6174.0
2025-02-25 05:45:00+00:00,110.0,110.015625,109.96875,109.984375,4995.0
2025-02-25 06:00:00+00:00,109.96875,110.0,109.96875,109.984375,2651.0
2025-02-25 06:15:00+00:00,109.953125,109.984375,109.953125,109.96875,3656.0
2025-02-25 06:30:00+00:00,109.9375,109.953125,109.921875,109.9375,6450.0
2025-02-25 06:45:00+00:00,109.953125,109.96875,109.921875,109.921875,8612.0
2025-02-25 07:00:00+00:00,110.015625,110.015625,109.953125,109.953125,14857.0
2025-02-25 07:15:00+00:00,110.15625,110.15625,110.015625,110.015625,408428.0
2025-02-25 07:30:00+00:00,110.15625,110.1875,110.125,110.140625,48488.0
2025-02-25 07:45:00+00:00,110.265625,110.265625,110.140625,110.15625,47595.0
2025-02-25 08:00:00+00:00,110.15625,110.28125,110.140625,110.265625,44923.0
2025-02-25 08:15:00+00:00,110.203125,110.203125,110.15625,110.171875,19694.0
2025-02-25 08:30:00+00:00,110.203125,110.21875,110.15625,110.1875,15550.0
2025-02-25 08:45:00+00:00,110.234375,110.25,110.15625,110.1875,31847.0
2025-02-25 09:00:00+00:00,110.21875,110.25,110.21875,110.234375,21460.0
2025-02-25 09:15:00+00:00,110.203125,110.21875,110.1875,110.2030029296875,28374.0
2025-02-25 09:30:00+00:00,110.21875,110.234375,110.1875,110.203125,15056.0
2025-02-25 09:45:00+00:00,110.28125,110.28125,110.21875,110.21875,27793.0
2025-02-25 10:00:00+00:00,110.25,110.28125,110.21875,110.265625,43992.0
2025-02-25 10:15:00+00:00,110.234375,110.25,110.21875,110.234375,66050.0
2025-02-25 10:30:00+00:00,110.203125,110.25,110.1875,110.234375,25145.0
2025-02-25 10:45:00+00:00,110.1875,110.21875,110.1875,110.203125,20598.0
2025-02-25 11:00:00+00:00,110.21875,110.234375,110.1875,110.203125,9923.0
2025-02-25 11:15:00+00:00,110.234375,110.25,110.21875,110.21900177001953,21713.0
2025-02-25 11:30:00+00:00,110.21875,110.25,110.21875,110.234375,18524.0
2025-02-25 11:45:00+00:00,110.203125,110.234375,110.203125,110.203125,28459.0
2025-02-25 12:00:00+00:00,110.28125,110.296875,110.1875,110.203125,77641.0
2025-02-25 12:15:00+00:00,110.375,110.390625,110.28125,110.28125,58519.0
2025-02-25 12:30:00+00:00,110.328125,110.390625,110.3125,110.390625,36079.0
2025-02-25 12:45:00+00:00,110.328125,110.359375,110.3125,110.34375,38914.0
2025-02-25 13:00:00+00:00,110.265625,110.34375,110.265625,110.328125,50060.0
2025-02-25 13:15:00+00:00,110.296875,110.328125,110.25,110.28125,47304.0
2025-02-25 13:30:00+00:00,110.421875,110.421875,110.265625,110.296875,70173.0
2025-02-25 13:45:00+00:00,110.4375,110.5,110.40625,110.421875,84479.0
2025-02-25 14:00:00+00:00,110.375,110.453125,110.34375,110.4375,78836.0
2025-02-25 14:15:00+00:00,110.421875,110.421875,110.34375,110.375,52055.0
2025-02-25 14:30:00+00:00,110.34375,110.4375,110.328125,110.421875,75770.0
2025-02-25 14:45:00+00:00,110.453125,110.46875,110.34375,110.34375,99598.0
2025-02-25 15:00:00+00:00,110.53125,110.546875,110.453125,110.453125,833944.0
2025-02-25 15:15:00+00:00,110.578125,110.59375,110.515625,110.515625,90070.0
2025-02-25 15:30:00+00:00,110.578125,110.609375,110.5,110.578125,296921.0
2025-02-25 15:45:00+00:00,110.5,110.625,110.46875,110.5625,209391.0
2025-02-25 16:00:00+00:00,110.484375,110.515625,110.453125,110.515625,89283.0
2025-02-25 16:15:00+00:00,110.53125,110.53125,110.453125,110.5,74950.0
2025-02-25 16:30:00+00:00,110.546875,110.578125,110.515625,110.53125,57854.0
2025-02-25 16:45:00+00:00,110.4375,110.546875,110.421875,110.53125,67364.0
2025-02-25 17:00:00+00:00,110.46875,110.46875,110.421875,110.421875,94467.0
2025-02-25 17:15:00+00:00,110.484375,110.515625,110.453125,110.46875,47430.0
2025-02-25 17:30:00+00:00,110.5,110.515625,110.453125,110.484375,142803.0
2025-02-25 17:45:00+00:00,110.46875,110.53125,110.453125,110.5,36493.0
2025-02-25 18:00:00+00:00,110.421875,110.515625,110.40625,110.46875,196551.0
2025-02-25 18:15:00+00:00,110.453125,110.453125,110.40625,110.4375,39224.0
2025-02-25 18:30:00+00:00,110.40625,110.484375,110.390625,110.453125,51196.0
2025-02-25 18:45:00+00:00,110.4375,110.4375,110.375,110.40625,24582.0
2025-02-25 19:00:00+00:00,110.5,110.5,110.421875,110.4375,33625.0
2025-02-25 19:15:00+00:00,110.46875,110.5,110.4375,110.484375,119705.0
2025-02-25 19:30:00+00:00,110.46875,110.46875,110.421875,110.453125,45413.0
2025-02-25 19:45:00+00:00,110.515625,110.53125,110.453125,110.46875,260989.0
2025-02-25 20:00:00+00:00,110.53125,110.578125,110.5,110.515625,120358.0
2025-02-25 20:15:00+00:00,110.53125,110.546875,110.5,110.53125,29595.0
2025-02-25 20:30:00+00:00,110.5625,110.578125,110.515625,110.53125,22027.0
2025-02-25 20:45:00+00:00,110.5625,110.5625,110.515625,110.5625,57944.0
2025-02-25 21:00:00+00:00,110.515625,110.5625,110.515625,110.5625,35688.0
2025-02-25 21:15:00+00:00,110.515625,110.53125,110.484375,110.53125,26782.0
2025-02-25 21:30:00+00:00,110.5,110.515625,110.484375,110.5,11868.0
2025-02-25 21:45:00+00:00,110.53125,110.53125,110.5,110.515625,16156.0
2025-02-25 23:00:00+00:00,110.546875,110.578125,110.46875,110.515625,98973.0
2025-02-25 23:15:00+00:00,110.5625,110.578125,110.546875,110.5625,1045.0
2025-02-25 23:30:00+00:00,110.578125,110.578125,110.5625,110.578125,927.0
2025-02-25 23:45:00+00:00,110.546875,110.578125,110.53125,110.578125,2220.0
2025-02-26 00:00:00+00:00,110.578125,110.59375,110.546875,110.546875,2044.0
2025-02-26 00:15:00+00:00,110.59375,110.59375,110.5625,110.578125,2798.0
2025-02-26 00:30:00+00:00,110.5625,110.59375,110.5625,110.578125,3393.0
2025-02-26 00:45:00+00:00,110.578125,110.578125,110.546875,110.5625,3008.0
2025-02-26 01:00:00+00:00,110.59375,110.609375,110.546875,110.578125,4241.0
2025-02-26 01:15:00+00:00,110.5625,110.609375,110.546875,110.609375,4045.0
2025-02-26 01:30:00+00:00,110.53125,110.546875,110.515625,110.546875,3325.0
2025-02-26 01:45:00+00:00,110.390625,110.53125,110.390625,110.53125,52670.0
2025-02-26 02:00:00+00:00,110.34375,110.40625,110.34375,110.390625,28760.0
2025-02-26 02:15:00+00:00,110.359375,110.390625,110.34375,110.359375,12401.0
2025-02-26 02:30:00+00:00,110.375,110.390625,110.359375,110.359375,5575.0
2025-02-26 02:45:00+00:00,110.328125,110.375,110.3125,110.375,10518.0
2025-02-26 03:00:00+00:00,110.328125,110.34375,110.3125,110.328125,4252.0
2025-02-26 03:15:00+00:00,110.34375,110.359375,110.328125,110.34375,6408.0
2025-02-26 03:30:00+00:00,110.328125,110.34375,110.328125,110.34375,3327.0
2025-02-26 03:45:00+00:00,110.34375,110.34375,110.328125,110.328125,2766.0
2025-02-26 04:00:00+00:00,110.328125,110.34375,110.328125,110.34375,1931.0
2025-02-26 04:15:00+00:00,110.34375,110.34375,110.328125,110.34375,460.0
2025-02-26 04:30:00+00:00,110.34375,110.359375,110.34375,110.34375,1309.0
2025-02-26 04:45:00+00:00,110.328125,110.359375,110.3125,110.359375,5734.0
2025-02-26 05:00:00+00:00,110.3125,110.34375,110.3125,110.34375,8934.0
2025-02-26 05:15:00+00:00,110.328125,110.34375,110.3125,110.3125,4609.0
2025-02-26 05:30:00+00:00,110.296875,110.328125,110.296875,110.328125,4031.0
2025-02-26 05:45:00+00:00,110.296875,110.3125,110.296875,110.3125,3886.0
2025-02-26 06:00:00+00:00,110.296875,110.3125,110.296875,110.296875,1174.0
2025-02-26 06:15:00+00:00,110.296875,110.3125,110.28125,110.3125,4580.0
2025-02-26 06:30:00+00:00,110.265625,110.28125,110.265625,110.28125,2594.0
2025-02-26 06:45:00+00:00,110.25,110.28125,110.25,110.265625,4558.0
2025-02-26 07:00:00+00:00,110.328125,110.328125,110.25,110.265625,13734.0
2025-02-26 07:15:00+00:00,110.328125,110.375,110.328125,110.34375,5631.0
2025-02-26 07:30:00+00:00,110.375,110.375,110.328125,110.34375,6182.0
2025-02-26 07:45:00+00:00,110.34375,110.390625,110.328125,110.375,5559.0
2025-02-26 08:00:00+00:00,110.359375,110.390625,110.34375,110.359375,10319.0
2025-02-26 08:15:00+00:00,110.375,110.390625,110.34375,110.359375,22825.0
2025-02-26 08:30:00+00:00,110.421875,110.453125,110.375,110.390625,27557.0
2025-02-26 08:45:00+00:00,110.453125,110.484375,110.421875,110.4375,14792.0
2025-02-26 09:00:00+00:00,110.4375,110.46875,110.40625,110.46875,81473.0
2025-02-26 09:15:00+00:00,110.421875,110.4375,110.390625,110.421875,81952.0
2025-02-26 09:30:00+00:00,110.390625,110.4375,110.359375,110.40625,85698.0
2025-02-26 09:45:00+00:00,110.4375,110.453125,110.375,110.390625,165272.0
2025-02-26 10:00:00+00:00,110.421875,110.46875,110.40625,110.4375,93877.0
2025-02-26 10:15:00+00:00,110.453125,110.484375,110.40625,110.421875,93729.0
2025-02-26 10:30:00+00:00,110.4375,110.484375,110.421875,110.4375,5319.0
2025-02-26 10:45:00+00:00,110.375,110.46875,110.359375,110.453125,94445.0
2025-02-26 11:00:00+00:00,110.375,110.40625,110.359375,110.390625,96401.0
2025-02-26 11:15:00+00:00,110.359375,110.375,110.328125,110.34400177001953,9181.0
2025-02-26 11:30:00+00:00,110.375,110.390625,110.34375,110.359375,106234.0
2025-02-26 11:45:00+00:00,110.375,110.40625,110.34375,110.375,103898.0
2025-02-26 12:00:00+00:00,110.375,110.40625,110.34375,110.375,134612.0
2025-02-26 12:15:00+00:00,110.4375,110.453125,110.359375,110.375,137191.0
2025-02-26 12:30:00+00:00,110.46875,110.484375,110.40625,110.421875,27115.0
2025-02-26 12:45:00+00:00,110.46875,110.53125,110.4375,110.453125,22107.0
2025-02-26 13:00:00+00:00,110.515625,110.546875,110.4375,110.453125,150491.0
2025-02-26 13:15:00+00:00,110.609375,110.609375,110.5,110.53125,342419.0
2025-02-26 13:30:00+00:00,110.5,110.609375,110.46875,110.59375,28340.0
2025-02-26 13:45:00+00:00,110.53125,110.578125,110.5,110.515625,225390.0
2025-02-26 14:00:00+00:00,110.5,110.546875,110.421875,110.515625,314425.0
2025-02-26 14:15:00+00:00,110.515625,110.546875,110.46875,110.484375,232310.0
2025-02-26 14:30:00+00:00,110.53125,110.59375,110.5,110.515625,269418.0
2025-02-26 14:45:00+00:00,110.46875,110.53125,110.421875,110.515625,47444.0
2025-02-26 15:00:00+00:00,110.421875,110.5,110.390625,110.46875,44464.0
2025-02-26 15:15:00+00:00,110.4375,110.46875,110.359375,110.4375,322466.0
2025-02-26 15:30:00+00:00,110.453125,110.5,110.40625,110.4375,317532.0
2025-02-26 15:45:00+00:00,110.46875,110.484375,110.421875,110.453125,24389.0
2025-02-26 16:00:00+00:00,110.484375,110.5,110.40625,110.46875,347354.0
2025-02-26 16:15:00+00:00,110.515625,110.515625,110.453125,110.484375,352838.0
2025-02-26 16:30:00+00:00,110.53125,110.5625,110.5,110.5,365233.0
2025-02-26 16:45:00+00:00,110.59375,110.59375,110.515625,110.53125,463108.0
2025-02-26 17:00:00+00:00,110.5625,110.625,110.53125,110.59375,513184.0
2025-02-26 17:15:00+00:00,110.59375,110.59375,110.53125,110.578125,434548.0
2025-02-26 17:30:00+00:00,110.640625,110.6875,110.546875,110.578125,456133.0
2025-02-26 17:45:00+00:00,110.625,110.671875,110.59375,110.640625,501825.0
2025-02-26 18:00:00+00:00,110.703125,110.71875,110.59375,110.625,43423.0
2025-02-26 18:15:00+00:00,110.828125,110.828125,110.671875,110.703125,302447.0
2025-02-26 18:30:00+00:00,110.796875,110.859375,110.75,110.765625,31995.0
2025-02-26 18:45:00+00:00,110.84375,110.859375,110.734375,110.828125,619925.0
2025-02-26 19:00:00+00:00,110.8125,110.890625,110.765625,110.84375,25917.0
2025-02-26 19:15:00+00:00,110.859375,110.875,110.765625,110.859375,669444.0
2025-02-26 19:30:00+00:00,110.859375,110.875,110.78125,110.84375,135179.0
2025-02-26 19:45:00+00:00,110.890625,110.90625,110.8125,110.859375,810923.0
2025-02-26 20:00:00+00:00,110.875,110.90625,110.828125,110.828125,804166.0
2025-02-26 20:15:00+00:00,110.921875,110.921875,110.8125,110.859375,22775.0
2025-02-26 20:30:00+00:00,110.875,110.921875,110.828125,110.90625,29311.0
2025-02-26 20:45:00+00:00,110.8125,110.890625,110.78125,110.84375,62995.0
2025-02-26 21:00:00+00:00,110.859375,110.921875,110.796875,110.8125,13661.0
2025-02-26 21:15:00+00:00,110.828125,110.90625,110.78125,110.859375,1709673.0
2025-02-26 21:30:00+00:00,110.828125,110.84375,110.78125,110.78125,28065.0
2025-02-26 21:45:00+00:00,110.8125,110.84375,110.765625,110.796875,9277.0
2025-02-26 23:00:00+00:00,110.796875,110.8125,110.75,110.796875,9188.0
2025-02-26 23:15:00+00:00,110.8125,110.8125,110.75,110.796875,7907.0
2025-02-26 23:30:00+00:00,110.75,110.8125,110.734375,110.8125,5923.0
2025-02-26 23:45:00+00:00,110.703125,110.796875,110.703125,110.796875,14984.0
2025-02-27 00:00:00+00:00,110.703125,110.75,110.671875,110.703125,25169.0
2025-02-27 00:15:00+00:00,110.765625,110.78125,110.703125,110.734375,36181.0
2025-02-27 00:30:00+00:00,110.75,110.765625,110.71875,110.71875,39594.0
2025-02-27 00:45:00+00:00,110.6875,110.75,110.6875,110.75,2885.0
2025-02-27 01:00:00+00:00,110.71875,110.75,110.671875,110.734375,44444.0
2025-02-27 01:15:00+00:00,110.703125,110.734375,110.65625,110.6875,8119.0
2025-02-27 01:30:00+00:00,110.71875,110.71875,110.65625,110.703125,2383.0
2025-02-27 01:45:00+00:00,110.6875,110.71875,110.65625,110.703125,68.0
2025-02-27 02:00:00+00:00,110.703125,110.71875,110.671875,110.71875,58250.0
2025-02-27 02:15:00+00:00,110.6875,110.703125,110.640625,110.6875,3330.0
2025-02-27 02:30:00+00:00,110.703125,110.703125,110.640625,110.671875,6435.0
2025-02-27 02:45:00+00:00,110.6875,110.71875,110.640625,110.6875,3330.0
2025-02-27 03:00:00+00:00,110.703125,110.71875,110.65625,110.65625,2488.0
2025-02-27 03:15:00+00:00,110.65625,110.703125,110.65625,110.6875,70665.0
2025-02-27 03:30:00+00:00,110.6875,110.71875,110.640625,110.703125,74329.0
2025-02-27 03:45:00+00:00,110.640625,110.6875,110.625,110.6875,3820.0
2025-02-27 04:00:00+00:00,110.6875,110.703125,110.640625,110.671875,162230.0
2025-02-27 04:15:00+00:00,110.703125,110.71875,110.640625,110.65625,1425.0
2025-02-27 04:30:00+00:00,110.71875,110.71875,110.65625,110.703125,1725.0
2025-02-27 04:45:00+00:00,110.6875,110.71875,110.65625,110.703125,84389.0
2025-02-27 05:00:00+00:00,110.671875,110.6875,110.65625,110.6875,3127.0
2025-02-27 05:15:00+00:00,110.65625,110.6875,110.640625,110.6875,4811.0
2025-02-27 05:30:00+00:00,110.640625,110.6875,110.640625,110.671875,94110.0
2025-02-27 05:45:00+00:00,110.6875,110.703125,110.625,110.671875,102404.0
2025-02-27 06:00:00+00:00,110.671875,110.703125,110.640625,110.671875,3751.0
2025-02-27 06:15:00+00:00,110.671875,110.71875,110.65625,110.71875,104567.0
2025-02-27 06:30:00+00:00,110.671875,110.71875,110.671875,110.703125,105427.0
2025-02-27 06:45:00+00:00,110.765625,110.765625,110.671875,110.71875,113901.0
2025-02-27 07:00:00+00:00,110.75,110.765625,110.703125,110.71875,121835.0
2025-02-27 07:15:00+00:00,110.671875,110.75,110.65625,110.75,125186.0
2025-02-27 07:30:00+00:00,110.6875,110.734375,110.65625,110.703125,137557.0
2025-02-27 07:45:00+00:00,110.671875,110.703125,110.609375,110.640625,158592.0
2025-02-27 08:00:00+00:00,110.640625,110.703125,110.578125,110.671875,28946.0
2025-02-27 08:15:00+00:00,110.609375,110.65625,110.5625,110.625,14414.0
2025-02-27 08:30:00+00:00,110.59375,110.625,110.53125,110.625,29252.0
2025-02-27 08:45:00+00:00,110.5625,110.59375,110.515625,110.59375,25202.0
2025-02-27 09:00:00+00:00,110.5,110.5625,110.46875,110.546875,23408.0
2025-02-27 09:15:00+00:00,110.515625,110.53125,110.484375,110.515625,276305.0
2025-02-27 09:30:00+00:00,110.515625,110.53125,110.484375,110.484375,14343.0
2025-02-27 09:45:00+00:00,110.5,110.515625,110.4375,110.5,19749.0
2025-02-27 10:00:00+00:00,110.484375,110.515625,110.453125,110.5,10678.0
2025-02-27 10:15:00+00:00,110.453125,110.484375,110.421875,110.484375,25832.0
2025-02-27 10:30:00+00:00,110.453125,110.484375,110.4375,110.46875,9055.0
2025-02-27 10:45:00+00:00,110.46875,110.484375,110.421875,110.453125,352259.0
2025-02-27 11:00:00+00:00,110.46875,110.484375,110.4375,110.484375,12978.0
2025-02-27 11:15:00+00:00,110.484375,110.5,110.4375,110.46875,11548.0
2025-02-27 11:30:00+00:00,110.515625,110.515625,110.4375,110.46875,13804.0
2025-02-27 11:45:00+00:00,110.515625,110.53125,110.46875,110.46875,10276.0
2025-02-27 12:00:00+00:00,110.546875,110.5625,110.5,110.5,17707.0
2025-02-27 12:15:00+00:00,110.546875,110.578125,110.5,110.546875,426611.0
2025-02-27 12:30:00+00:00,110.578125,110.59375,110.53125,110.546875,29127.0
2025-02-27 12:45:00+00:00,110.59375,110.625,110.53125,110.578125,33176.0
2025-02-27 13:00:00+00:00,110.640625,110.640625,110.5625,110.59375,27094.0
2025-02-27 13:15:00+00:00,110.671875,110.6875,110.59375,110.640625,43405.0
2025-02-27 13:30:00+00:00,110.59375,110.859375,110.515625,110.6875,155220.0
2025-02-27 13:45:00+00:00,110.609375,110.71875,110.546875,110.578125,98266.0
2025-02-27 14:00:00+00:00,110.59375,110.6875,110.53125,110.640625,796011.0
2025-02-27 14:15:00+00:00,110.515625,110.625,110.484375,110.625,892615.0
2025-02-27 14:30:00+00:00,110.625,110.625,110.453125,110.515625,977144.0
2025-02-27 14:45:00+00:00,110.703125,110.71875,110.5625,110.578125,95159.0
2025-02-27 15:00:00+00:00,110.625,110.78125,110.578125,110.65625,1157042.0
2025-02-27 15:15:00+00:00,110.59375,110.625,110.5,110.625,97319.0
2025-02-27 15:30:00+00:00,110.609375,110.625,110.515625,110.578125,95337.0
2025-02-27 15:45:00+00:00,110.609375,110.640625,110.546875,110.609375,66124.0
2025-02-27 16:00:00+00:00,110.59375,110.671875,110.5625,110.609375,1418238.0
2025-02-27 16:15:00+00:00,110.65625,110.671875,110.5625,110.609375,1469255.0
2025-02-27 16:30:00+00:00,110.703125,110.71875,110.609375,110.640625,56227.0
2025-02-27 16:45:00+00:00,110.6875,110.71875,110.625,110.71875,1549858.0
2025-02-27 17:00:00+00:00,110.59375,110.6875,110.59375,110.671875,24747.0
2025-02-27 17:15:00+00:00,110.578125,110.640625,110.578125,110.625,3668.0
2025-02-27 17:30:00+00:00,110.609375,110.640625,110.5625,110.59375,1617852.0
2025-02-27 17:45:00+00:00,110.5625,110.609375,110.515625,110.59375,15742.0
2025-02-27 18:00:00+00:00,110.59375,110.609375,110.53125,110.53125,24963.0
2025-02-27 18:15:00+00:00,110.578125,110.609375,110.546875,110.59375,30115.0
2025-02-27 18:30:00+00:00,110.5625,110.59375,110.53125,110.578125,18259.0
2025-02-27 18:45:00+00:00,110.578125,110.59375,110.515625,110.546875,23439.0
2025-02-27 19:00:00+00:00,110.609375,110.609375,110.546875,110.578125,21496.0
2025-02-27 19:15:00+00:00,110.5625,110.609375,110.53125,110.59375,1749977.0
2025-02-27 19:30:00+00:00,110.671875,110.671875,110.53125,110.53125,38160.0
2025-02-27 19:45:00+00:00,110.65625,110.671875,110.59375,110.65625,86178.0
2025-02-27 20:00:00+00:00,110.65625,110.71875,110.609375,110.65625,50353.0
2025-02-27 20:15:00+00:00,110.703125,110.734375,110.625,110.6875,48736.0
2025-02-27 20:30:00+00:00,110.71875,110.734375,110.609375,110.6875,42079.0
2025-02-27 20:45:00+00:00,110.75,110.78125,110.609375,110.671875,2017281.0
2025-02-27 21:00:00+00:00,110.765625,110.78125,110.65625,110.75,52810.0
2025-02-27 21:15:00+00:00,110.71875,110.796875,110.71875,110.78125,23961.0
2025-02-27 21:30:00+00:00,110.796875,110.8125,110.71875,110.71875,2106892.0
2025-02-27 21:45:00+00:00,110.828125,110.828125,110.734375,110.734375,15509.0
2025-02-27 23:00:00+00:00,110.796875,110.828125,110.765625,110.8125,8945.0
2025-02-27 23:15:00+00:00,110.8125,110.84375,110.78125,110.796875,4579.0
2025-02-27 23:30:00+00:00,110.828125,110.84375,110.8125,110.828125,4968.0
2025-02-27 23:45:00+00:00,110.84375,110.84375,110.796875,110.8125,2077.0
2025-02-28 00:00:00+00:00,110.859375,110.875,110.796875,110.828125,5967.0
2025-02-28 00:15:00+00:00,110.984375,111.0,110.84375,110.859375,22747.0
2025-02-28 00:30:00+00:00,110.984375,110.984375,110.921875,110.96875,8350.0
2025-02-28 00:45:00+00:00,111.046875,111.046875,110.9375,110.9375,73078.0
2025-02-28 01:00:00+00:00,110.96875,111.046875,110.9375,111.03125,11207.0
2025-02-28 01:15:00+00:00,111.0,111.0,110.953125,110.96875,7486.0
2025-02-28 01:30:00+00:00,111.03125,111.0625,110.96875,111.0,15675.0
2025-02-28 01:45:00+00:00,111.0625,111.0625,111.0,111.03125,9969.0
2025-02-28 02:00:00+00:00,111.078125,111.09375,111.015625,111.03125,16976.0
2025-02-28 02:15:00+00:00,111.0625,111.09375,111.03125,111.078125,5981.0
2025-02-28 02:30:00+00:00,111.0625,111.078125,111.015625,111.078125,9056.0
2025-02-28 02:45:00+00:00,111.078125,111.078125,111.03125,111.0625,3237.0
2025-02-28 03:00:00+00:00,111.046875,111.078125,111.015625,111.03125,3875.0
2025-02-28 03:15:00+00:00,111.03125,111.078125,111.015625,111.046875,7101.0
2025-02-28 03:30:00+00:00,111.0625,111.0625,111.0,111.03125,6111.0
2025-02-28 03:45:00+00:00,111.0625,111.109375,111.046875,111.078125,9832.0
2025-02-28 04:00:00+00:00,111.078125,111.09375,111.03125,111.078125,5555.0
2025-02-28 04:15:00+00:00,111.03125,111.09375,111.0,111.078125,6856.0
2025-02-28 04:30:00+00:00,111.03125,111.046875,111.0,111.03125,5371.0
2025-02-28 04:45:00+00:00,111.09375,111.109375,111.015625,111.03125,13335.0
2025-02-28 05:00:00+00:00,111.0625,111.109375,111.03125,111.09375,7982.0
2025-02-28 05:15:00+00:00,111.078125,111.09375,111.03125,111.046875,3135.0
2025-02-28 05:30:00+00:00,111.0625,111.09375,111.03125,111.078125,7737.0
2025-02-28 05:45:00+00:00,111.046875,111.078125,111.015625,111.03125,3095.0
2025-02-28 06:00:00+00:00,111.046875,111.046875,111.0,111.046875,2576.0
2025-02-28 06:15:00+00:00,111.015625,111.0625,111.0,111.0625,245334.0
2025-02-28 06:30:00+00:00,111.015625,111.0625,111.0,111.015625,10400.0
2025-02-28 06:45:00+00:00,111.0625,111.078125,111.0,111.0625,262122.0
2025-02-28 07:00:00+00:00,111.046875,111.078125,110.984375,111.0625,12301.0
2025-02-28 07:15:00+00:00,111.046875,111.0625,110.984375,111.0,298085.0
2025-02-28 07:30:00+00:00,111.0,111.09375,111.0,111.046875,12616.0
2025-02-28 07:45:00+00:00,110.96875,111.078125,110.921875,111.015625,30916.0
2025-02-28 08:00:00+00:00,111.0,111.0,110.921875,110.96875,17232.0
2025-02-28 08:15:00+00:00,110.921875,111.015625,110.890625,111.0,9656.0
2025-02-28 08:30:00+00:00,110.953125,110.96875,110.890625,110.953125,394049.0
2025-02-28 08:45:00+00:00,110.953125,110.984375,110.90625,110.9375,14048.0
2025-02-28 09:00:00+00:00,110.90625,110.96875,110.890625,110.953125,14732.0
2025-02-28 09:15:00+00:00,110.90625,110.921875,110.84375,110.90625,24551.0
2025-02-28 09:30:00+00:00,110.875,110.90625,110.828125,110.890625,16603.0
2025-02-28 09:45:00+00:00,110.90625,110.90625,110.8125,110.859375,21511.0
2025-02-28 10:00:00+00:00,110.9375,110.953125,110.875,110.890625,13318.0
2025-02-28 10:15:00+00:00,110.9375,110.953125,110.890625,110.9375,505764.0
2025-02-28 10:30:00+00:00,110.890625,110.9375,110.875,110.9375,7597.0
2025-02-28 10:45:00+00:00,110.890625,110.921875,110.84375,110.875,12558.0
2025-02-28 11:00:00+00:00,110.890625,110.921875,110.84375,110.890625,532066.0
2025-02-28 11:15:00+00:00,110.875,110.890625,110.84375,110.875,16774.0
2025-02-28 11:30:00+00:00,110.84375,110.890625,110.8125,110.859375,20248.0
2025-02-28 11:45:00+00:00,110.828125,110.859375,110.796875,110.8125,18647.0
2025-02-28 12:00:00+00:00,110.875,110.875,110.796875,110.828125,19750.0
2025-02-28 12:15:00+00:00,110.890625,110.90625,110.84375,110.859375,25039.0
2025-02-28 12:30:00+00:00,110.9375,110.953125,110.84375,110.875,26545.0
2025-02-28 12:45:00+00:00,110.875,110.953125,110.84375,110.9375,17152.0
2025-02-28 13:00:00+00:00,110.875,110.890625,110.796875,110.859375,38983.0
2025-02-28 13:15:00+00:00,110.890625,110.921875,110.828125,110.875,40154.0
2025-02-28 13:30:00+00:00,110.84375,110.90625,110.703125,110.90625,136144.0
2025-02-28 13:45:00+00:00,111.0,111.03125,110.828125,110.84375,85205.0
2025-02-28 14:00:00+00:00,110.90625,111.015625,110.875,111.015625,67158.0
2025-02-28 14:15:00+00:00,111.015625,111.015625,110.875,110.90625,1091260.0
2025-02-28 14:30:00+00:00,110.953125,111.09375,110.90625,111.0,101189.0
2025-02-28 14:45:00+00:00,111.0,111.046875,110.890625,110.953125,82268.0
2025-02-28 15:00:00+00:00,110.96875,111.046875,110.9375,111.015625,1335392.0
2025-02-28 15:15:00+00:00,110.875,110.984375,110.84375,110.953125,65981.0
2025-02-28 15:30:00+00:00,110.921875,110.9375,110.796875,110.875,52170.0
2025-02-28 15:45:00+00:00,110.953125,110.953125,110.875,110.90625,1534564.0
2025-02-28 16:00:00+00:00,111.09375,111.09375,110.875,110.9375,93813.0
2025-02-28 16:15:00+00:00,111.140625,111.1875,111.0625,111.078125,112197.0
2025-02-28 16:30:00+00:00,111.015625,111.09375,110.96875,111.09375,88662.0
2025-02-28 16:45:00+00:00,110.953125,111.015625,110.921875,111.015625,54151.0
2025-02-28 17:00:00+00:00,111.03125,111.046875,110.921875,110.96875,1902580.0
2025-02-28 17:15:00+00:00,111.078125,111.078125,110.984375,111.03125,41099.0
2025-02-28 17:30:00+00:00,111.0625,111.078125,111.0,111.0625,1995380.0
2025-02-28 17:45:00+00:00,111.125,111.125,111.03125,111.0625,57463.0
2025-02-28 18:00:00+00:00,111.09375,111.140625,111.0625,111.09375,26586.0
2025-02-28 18:15:00+00:00,111.0625,111.171875,111.03125,111.109375,2131221.0
2025-02-28 18:30:00+00:00,111.109375,111.109375,111.015625,111.046875,37611.0
2025-02-28 18:45:00+00:00,111.21875,111.21875,111.078125,111.09375,60574.0
2025-02-28 19:00:00+00:00,111.15625,111.234375,111.09375,111.203125,54840.0
2025-02-28 19:15:00+00:00,111.09375,111.171875,111.0625,111.140625,30637.0
2025-02-28 19:30:00+00:00,111.0625,111.140625,111.03125,111.09375,29251.0
2025-02-28 19:45:00+00:00,111.109375,111.125,111.015625,111.046875,193575.0
2025-02-28 20:00:00+00:00,111.046875,111.109375,111.03125,111.109375,2580561.0
2025-02-28 20:15:00+00:00,111.078125,111.109375,111.03125,111.078125,2645276.0
2025-02-28 20:30:00+00:00,111.171875,111.1875,111.046875,111.0625,60548.0
2025-02-28 20:45:00+00:00,111.203125,111.296875,111.078125,111.171875,117462.0
2025-02-28 21:00:00+00:00,111.203125,111.25,111.125,111.203125,3329966.0
2025-02-28 21:15:00+00:00,111.21875,111.234375,111.140625,111.203125,3359005.0
2025-02-28 21:30:00+00:00,111.21875,111.234375,111.15625,111.203125,20766.0
2025-02-28 21:45:00+00:00,111.171875,111.25,111.15625,111.21875,33666.0
2025-03-02 23:00:00+00:00,110.921875,111.0625,110.90625,111.03125,26127.0
2025-03-02 23:15:00+00:00,110.9375,110.96875,110.890625,110.921875,47773.0
2025-03-02 23:30:00+00:00,110.953125,110.96875,110.921875,110.9375,3630.0
2025-03-02 23:45:00+00:00,110.9375,110.96875,110.890625,110.96875,62472.0
2025-03-03 00:00:00+00:00,110.96875,110.984375,110.90625,110.953125,5160.0
2025-03-03 00:15:00+00:00,110.9375,110.984375,110.890625,110.96875,18107.0
2025-03-03 00:30:00+00:00,110.9375,110.953125,110.890625,110.9375,88490.0
2025-03-03 00:45:00+00:00,110.921875,110.953125,110.90625,110.921875,5718.0
2025-03-03 01:00:00+00:00,110.921875,110.96875,110.890625,110.9375,9504.0
2025-03-03 01:15:00+00:00,110.90625,110.9375,110.875,110.921875,5399.0
2025-03-03 01:30:00+00:00,110.96875,110.96875,110.890625,110.90625,4626.0
2025-03-03 01:45:00+00:00,110.9375,110.96875,110.921875,110.953125,3548.0
2025-03-03 02:00:00+00:00,110.921875,110.953125,110.90625,110.953125,3364.0
2025-03-03 02:15:00+00:00,110.9375,110.953125,110.90625,110.921875,3481.0
2025-03-03 02:30:00+00:00,110.96875,110.984375,110.921875,110.9375,2154.0
2025-03-03 02:45:00+00:00,111.0,111.0,110.921875,110.96875,5429.0
2025-03-03 03:00:00+00:00,110.96875,111.046875,110.953125,111.0,2916.0
2025-03-03 03:15:00+00:00,111.0,111.03125,110.96875,111.0,141795.0
2025-03-03 03:30:00+00:00,111.0,111.03125,110.984375,111.015625,145379.0
2025-03-03 03:45:00+00:00,111.03125,111.03125,111.0,111.0,2693.0
2025-03-03 04:00:00+00:00,110.984375,111.03125,110.984375,111.015625,1589.0
2025-03-03 04:15:00+00:00,111.015625,111.03125,110.984375,110.984375,150614.0
2025-03-03 04:30:00+00:00,111.03125,111.03125,110.984375,110.984375,152240.0
2025-03-03 04:45:00+00:00,111.0,111.046875,110.984375,111.03125,1980.0
2025-03-03 05:00:00+00:00,111.046875,111.046875,110.96875,111.0,163280.0
2025-03-03 05:15:00+00:00,111.015625,111.046875,110.984375,111.03125,160463.0
2025-03-03 05:30:00+00:00,111.03125,111.03125,110.984375,110.984375,166974.0
2025-03-03 05:45:00+00:00,110.984375,111.03125,110.96875,111.03125,2111.0
2025-03-03 06:00:00+00:00,111.0,111.046875,110.96875,111.03125,416.0
2025-03-03 06:15:00+00:00,111.015625,111.0625,110.984375,111.0,175186.0
2025-03-03 06:30:00+00:00,111.03125,111.0625,111.0,111.0625,180103.0
2025-03-03 06:45:00+00:00,111.0,111.03125,110.96875,111.015625,6226.0
2025-03-03 07:00:00+00:00,111.015625,111.03125,110.984375,111.015625,10628.0
2025-03-03 07:15:00+00:00,111.046875,111.046875,110.984375,111.015625,10289.0
2025-03-03 07:30:00+00:00,110.96875,111.0625,110.9375,111.046875,219616.0
2025-03-03 07:45:00+00:00,110.96875,110.984375,110.921875,110.96875,11053.0
2025-03-03 08:00:00+00:00,110.96875,111.015625,110.9375,110.984375,19176.0
2025-03-03 08:15:00+00:00,111.015625,111.015625,110.921875,110.96875,12715.0
2025-03-03 08:30:00+00:00,110.984375,111.03125,110.953125,111.015625,6490.0
2025-03-03 08:45:00+00:00,111.03125,111.03125,110.953125,110.984375,291550.0
2025-03-03 09:00:00+00:00,111.03125,111.09375,111.015625,111.03125,16247.0
2025-03-03 09:15:00+00:00,111.03125,111.046875,110.984375,111.01599884033203,335819.0
2025-03-03 09:30:00+00:00,110.984375,111.03125,110.9375,111.03125,22399.0
2025-03-03 09:45:00+00:00,110.984375,110.984375,110.9375,110.984375,12220.0
2025-03-03 10:00:00+00:00,110.9375,110.984375,110.921875,110.984375,20475.0
2025-03-03 10:15:00+00:00,110.921875,110.953125,110.890625,110.953125,8977.0
2025-03-03 10:30:00+00:00,110.890625,110.9375,110.859375,110.90625,27654.0
2025-03-03 10:45:00+00:00,110.890625,110.90625,110.84375,110.875,12983.0
2025-03-03 11:00:00+00:00,110.875,110.921875,110.84375,110.890625,25002.0
2025-03-03 11:15:00+00:00,110.859375,110.890625,110.828125,110.875,21690.0
2025-03-03 11:30:00+00:00,110.90625,110.921875,110.84375,110.859375,24645.0
2025-03-03 11:45:00+00:00,110.890625,110.921875,110.859375,110.90625,20355.0
2025-03-03 12:00:00+00:00,110.90625,110.9375,110.859375,110.890625,16992.0
2025-03-03 12:15:00+00:00,110.921875,110.9375,110.875,110.875,565215.0
2025-03-03 12:30:00+00:00,110.9375,110.9375,110.875,110.921875,25446.0
2025-03-03 12:45:00+00:00,110.9375,110.96875,110.890625,110.921875,21687.0
2025-03-03 13:00:00+00:00,110.84375,110.9375,110.828125,110.921875,22999.0
2025-03-03 13:15:00+00:00,110.90625,110.9375,110.828125,110.84375,23228.0
2025-03-03 13:30:00+00:00,110.953125,110.984375,110.90625,110.9375,707384.0
2025-03-03 13:45:00+00:00,111.0,111.015625,110.90625,110.953125,47171.0
2025-03-03 14:00:00+00:00,110.953125,111.046875,110.90625,111.0,56805.0
2025-03-03 14:15:00+00:00,110.921875,110.96875,110.859375,110.96875,41521.0
2025-03-03 14:30:00+00:00,111.0,111.015625,110.890625,110.921875,53216.0
2025-03-03 14:45:00+00:00,111.046875,111.078125,110.9375,111.015625,56920.0
2025-03-03 15:00:00+00:00,111.359375,111.40625,110.921875,111.046875,207993.0
2025-03-03 15:15:00+00:00,111.296875,111.40625,111.265625,111.375,105345.0
2025-03-03 15:30:00+00:00,111.296875,111.359375,111.234375,111.3125,81629.0
2025-03-03 15:45:00+00:00,111.265625,111.3125,111.21875,111.296875,66327.0
2025-03-03 16:00:00+00:00,111.203125,111.265625,111.15625,111.25,58436.0
2025-03-03 16:15:00+00:00,111.34375,111.34375,111.203125,111.203125,58628.0
2025-03-03 16:30:00+00:00,111.328125,111.375,111.28125,111.328125,57833.0
2025-03-03 16:45:00+00:00,111.296875,111.328125,111.21875,111.328125,53486.0
2025-03-03 17:00:00+00:00,111.28125,111.3125,111.234375,111.296875,43174.0
2025-03-03 17:15:00+00:00,111.234375,111.3125,111.203125,111.28125,23598.0
2025-03-03 17:30:00+00:00,111.296875,111.3125,111.203125,111.234375,24647.0
2025-03-03 17:45:00+00:00,111.34375,111.359375,111.265625,111.3125,32678.0
2025-03-03 18:00:00+00:00,111.40625,111.4375,111.28125,111.34375,37279.0
2025-03-03 18:15:00+00:00,111.4375,111.4375,111.359375,111.421875,51700.0
2025-03-03 18:30:00+00:00,111.421875,111.46875,111.390625,111.40625,45008.0
2025-03-03 18:45:00+00:00,111.390625,111.453125,111.34375,111.421875,53942.0
2025-03-03 19:00:00+00:00,111.390625,111.40625,111.3125,111.375,31915.0
2025-03-03 19:15:00+00:00,111.375,111.421875,111.328125,111.40625,27344.0
2025-03-03 19:30:00+00:00,111.34375,111.375,111.296875,111.359375,26753.0
2025-03-03 19:45:00+00:00,111.40625,111.453125,111.296875,111.359375,147530.0
2025-03-03 20:00:00+00:00,111.46875,111.484375,111.359375,111.40625,2262768.0
2025-03-03 20:15:00+00:00,111.53125,111.546875,111.453125,111.484375,2353248.0
2025-03-03 20:30:00+00:00,111.640625,111.65625,111.46875,111.53125,2413695.0
2025-03-03 20:45:00+00:00,111.5625,111.65625,111.5,111.65625,92154.0
2025-03-03 21:00:00+00:00,111.546875,111.578125,111.46875,111.578125,33551.0
2025-03-03 21:15:00+00:00,111.53125,111.546875,111.46875,111.53125,21965.0
2025-03-03 21:30:00+00:00,111.5625,111.578125,111.46875,111.53125,21994.0
2025-03-03 21:45:00+00:00,111.5625,111.59375,111.546875,111.546875,36825.0
2025-03-03 23:00:00+00:00,111.578125,111.59375,111.53125,111.5625,1918.0
2025-03-03 23:15:00+00:00,111.59375,111.59375,111.53125,111.546875,1448.0
2025-03-03 23:30:00+00:00,111.640625,111.65625,111.5625,111.578125,10719.0
2025-03-03 23:45:00+00:00,111.671875,111.703125,111.59375,111.640625,10476.0
2025-03-04 00:00:00+00:00,111.734375,111.734375,111.640625,111.671875,9156.0
2025-03-04 00:15:00+00:00,111.78125,111.796875,111.640625,111.734375,61185.0
2025-03-04 00:30:00+00:00,111.859375,111.859375,111.71875,111.78125,83297.0
2025-03-04 00:45:00+00:00,111.796875,111.890625,111.78125,111.859375,24844.0
2025-03-04 01:00:00+00:00,111.8125,111.828125,111.71875,111.78125,17020.0
2025-03-04 01:15:00+00:00,111.84375,111.84375,111.734375,111.8125,10268.0
2025-03-04 01:30:00+00:00,111.8125,111.890625,111.796875,111.84375,9985.0
2025-03-04 01:45:00+00:00,111.828125,111.859375,111.78125,111.8125,159430.0
2025-03-04 02:00:00+00:00,111.765625,111.84375,111.734375,111.828125,9154.0
2025-03-04 02:15:00+00:00,111.75,111.765625,111.71875,111.765625,176215.0
2025-03-04 02:30:00+00:00,111.703125,111.75,111.640625,111.734375,11305.0
2025-03-04 02:45:00+00:00,111.6875,111.703125,111.640625,111.703125,8743.0
2025-03-04 03:00:00+00:00,111.6875,111.734375,111.640625,111.6875,11205.0
2025-03-04 03:15:00+00:00,111.6875,111.703125,111.65625,111.6875,6493.0
2025-03-04 03:30:00+00:00,111.671875,111.6875,111.609375,111.671875,15482.0
2025-03-04 03:45:00+00:00,111.65625,111.6875,111.625,111.671875,4838.0
2025-03-04 04:00:00+00:00,111.671875,111.6875,111.640625,111.671875,4001.0
2025-03-04 04:15:00+00:00,111.65625,111.6875,111.625,111.671875,3879.0
2025-03-04 04:30:00+00:00,111.703125,111.71875,111.640625,111.671875,248652.0
2025-03-04 04:45:00+00:00,111.671875,111.703125,111.640625,111.703125,3413.0
2025-03-04 05:00:00+00:00,111.640625,111.703125,111.59375,111.6875,18340.0
2025-03-04 05:15:00+00:00,111.625,111.65625,111.59375,111.625,5599.0
2025-03-04 05:30:00+00:00,111.640625,111.640625,111.609375,111.640625,3348.0
2025-03-04 05:45:00+00:00,111.59375,111.65625,111.578125,111.640625,4247.0
2025-03-04 06:00:00+00:00,111.59375,111.625,111.5625,111.59375,4734.0
2025-03-04 06:15:00+00:00,111.546875,111.609375,111.546875,111.59375,1823.0
2025-03-04 06:30:00+00:00,111.625,111.625,111.5625,111.578125,300143.0
2025-03-04 06:45:00+00:00,111.578125,111.625,111.546875,111.609375,7985.0
2025-03-04 07:00:00+00:00,111.6875,111.703125,111.546875,111.578125,14991.0
2025-03-04 07:15:00+00:00,111.75,111.75,111.625,111.6875,19674.0
2025-03-04 07:30:00+00:00,111.453125,111.75,111.390625,111.75,96454.0
2025-03-04 07:45:00+00:00,111.5,111.546875,111.421875,111.46875,37674.0
2025-03-04 08:00:00+00:00,111.59375,111.65625,111.453125,111.484375,44371.0
2025-03-04 08:15:00+00:00,111.578125,111.609375,111.5,111.609375,28639.0
2025-03-04 08:30:00+00:00,111.46875,111.5625,111.421875,111.53125,56526.0
2025-03-04 08:45:00+00:00,111.53125,111.5625,111.421875,111.453125,32300.0
2025-03-04 09:00:00+00:00,111.515625,111.578125,111.484375,111.53125,19135.0
2025-03-04 09:15:00+00:00,111.625,111.625,111.515625,111.53099822998047,30029.0
2025-03-04 09:30:00+00:00,111.5625,111.625,111.53125,111.609375,22316.0
2025-03-04 09:45:00+00:00,111.546875,111.578125,111.515625,111.546875,14806.0
2025-03-04 10:00:00+00:00,111.578125,111.59375,111.53125,111.546875,19743.0
2025-03-04 10:15:00+00:00,111.578125,111.59375,111.53125,111.578125,17559.0
2025-03-04 10:30:00+00:00,111.5625,111.59375,111.53125,111.578125,21433.0
2025-03-04 10:45:00+00:00,111.546875,111.5625,111.5,111.5625,22477.0
2025-03-04 11:00:00+00:00,111.546875,111.5625,111.484375,111.546875,828266.0
2025-03-04 11:15:00+00:00,111.53125,111.578125,111.515625,111.546875,15463.0
2025-03-04 11:30:00+00:00,111.515625,111.578125,111.5,111.53125,17245.0
2025-03-04 11:45:00+00:00,111.546875,111.546875,111.5,111.515625,17359.0
2025-03-04 12:00:00+00:00,111.71875,111.71875,111.5625,111.5625,44294.0
2025-03-04 12:15:00+00:00,111.8125,111.8125,111.671875,111.71875,50461.0
2025-03-04 12:30:00+00:00,111.703125,111.8125,111.65625,111.8125,35170.0
2025-03-04 12:45:00+00:00,111.703125,111.734375,111.640625,111.71875,26263.0
2025-03-04 13:00:00+00:00,111.671875,111.734375,111.625,111.6875,60866.0
2025-03-04 13:15:00+00:00,111.765625,111.78125,111.65625,111.671875,51305.0
2025-03-04 13:30:00+00:00,111.734375,111.78125,111.6875,111.765625,1180861.0
2025-03-04 13:45:00+00:00,111.8125,111.8125,111.703125,111.765625,1258014.0
2025-03-04 14:00:00+00:00,111.640625,111.8125,111.609375,111.8125,90033.0
2025-03-04 14:15:00+00:00,111.765625,111.765625,111.609375,111.640625,84992.0
2025-03-04 14:30:00+00:00,111.796875,111.84375,111.71875,111.71875,134452.0
2025-03-04 14:45:00+00:00,111.765625,111.828125,111.6875,111.796875,84136.0
2025-03-04 15:00:00+00:00,111.953125,111.96875,111.765625,111.765625,136544.0
2025-03-04 15:15:00+00:00,111.890625,112.03125,111.796875,111.953125,1900966.0
2025-03-04 15:30:00+00:00,111.703125,111.890625,111.640625,111.875,116652.0
2025-03-04 15:45:00+00:00,111.765625,111.796875,111.640625,111.703125,90215.0
2025-03-04 16:00:00+00:00,111.796875,111.90625,111.71875,111.765625,69446.0
2025-03-04 16:15:00+00:00,111.8125,111.828125,111.671875,111.796875,59909.0
2025-03-04 16:30:00+00:00,111.5625,111.8125,111.5625,111.8125,51846.0
2025-03-04 16:45:00+00:00,111.5625,111.640625,111.515625,111.609375,2388103.0
2025-03-04 17:00:00+00:00,111.59375,111.640625,111.515625,111.546875,38206.0
2025-03-04 17:15:00+00:00,111.46875,111.59375,111.4375,111.59375,65262.0
2025-03-04 17:30:00+00:00,111.609375,111.609375,111.453125,111.484375,67422.0
2025-03-04 17:45:00+00:00,111.5625,111.625,111.5,111.59375,32804.0
2025-03-04 18:00:00+00:00,111.34375,111.609375,111.28125,111.5625,138174.0
2025-03-04 18:15:00+00:00,111.375,111.453125,111.296875,111.34375,80828.0
2025-03-04 18:30:00+00:00,111.390625,111.421875,111.328125,111.375,61153.0
2025-03-04 18:45:00+00:00,111.359375,111.421875,111.296875,111.390625,40910.0
2025-03-04 19:00:00+00:00,111.265625,111.375,111.25,111.34375,75000.0
2025-03-04 19:15:00+00:00,111.28125,111.328125,111.203125,111.265625,81298.0
2025-03-04 19:30:00+00:00,111.25,111.359375,111.234375,111.28125,50487.0
2025-03-04 19:45:00+00:00,111.25,111.28125,111.203125,111.25,78582.0
2025-03-04 20:00:00+00:00,111.28125,111.328125,111.25,111.265625,47819.0
2025-03-04 20:15:00+00:00,111.21875,111.28125,111.125,111.28125,61276.0
2025-03-04 20:30:00+00:00,111.296875,111.3125,111.203125,111.21875,61880.0
2025-03-04 20:45:00+00:00,111.3125,111.375,111.265625,111.28125,65515.0
2025-03-04 21:00:00+00:00,111.1875,111.328125,111.171875,111.328125,52318.0
2025-03-04 21:15:00+00:00,111.0,111.203125,110.9375,111.203125,116338.0
2025-03-04 21:30:00+00:00,111.0,111.046875,110.96875,111.0,41546.0
2025-03-04 21:45:00+00:00,110.96875,111.015625,110.953125,111.0,24774.0
2025-03-04 23:00:00+00:00,110.953125,110.953125,110.890625,110.90625,1269.0
2025-03-04 23:15:00+00:00,111.0,111.03125,110.953125,110.953125,7297.0
2025-03-04 23:30:00+00:00,111.015625,111.03125,110.984375,111.015625,6356.0
2025-03-04 23:45:00+00:00,111.0625,111.09375,111.03125,111.03125,12366.0
2025-03-05 00:00:00+00:00,111.09375,111.125,111.046875,111.0625,7148.0
2025-03-05 00:15:00+00:00,111.125,111.171875,111.09375,111.109375,9386.0
2025-03-05 00:30:00+00:00,111.078125,111.15625,111.078125,111.125,11556.0
2025-03-05 00:45:00+00:00,111.046875,111.109375,111.046875,111.0625,5860.0
2025-03-05 01:00:00+00:00,111.09375,111.109375,111.03125,111.0625,8732.0
2025-03-05 01:15:00+00:00,110.90625,111.09375,110.84375,111.09375,58437.0
2025-03-05 01:30:00+00:00,110.890625,110.984375,110.875,110.90625,34575.0
2025-03-05 01:45:00+00:00,110.9375,110.96875,110.890625,110.90625,7796.0
2025-03-05 02:00:00+00:00,110.96875,110.984375,110.90625,110.953125,9278.0
2025-03-05 02:15:00+00:00,110.96875,111.0,110.9375,110.96875,8062.0
2025-03-05 02:30:00+00:00,110.96875,110.984375,110.9375,110.96875,5839.0
2025-03-05 02:45:00+00:00,110.984375,110.984375,110.921875,110.96875,5485.0
2025-03-05 03:00:00+00:00,110.984375,111.046875,110.96875,110.984375,13883.0
2025-03-05 03:15:00+00:00,111.0,111.015625,110.984375,111.0,2167.0
2025-03-05 03:30:00+00:00,110.953125,111.015625,110.9375,111.015625,7388.0
2025-03-05 03:45:00+00:00,110.953125,110.953125,110.90625,110.953125,244881.0
2025-03-05 04:00:00+00:00,111.03125,111.046875,110.953125,110.953125,16018.0
2025-03-05 04:15:00+00:00,111.078125,111.078125,111.015625,111.046875,6061.0
2025-03-05 04:30:00+00:00,111.09375,111.09375,111.046875,111.078125,6567.0
2025-03-05 04:45:00+00:00,111.109375,111.109375,111.078125,111.09375,7148.0
2025-03-05 05:00:00+00:00,111.0625,111.09375,111.046875,111.09375,5188.0
2025-03-05 05:15:00+00:00,111.109375,111.109375,111.078125,111.078125,3725.0
2025-03-05 05:30:00+00:00,111.09375,111.109375,111.078125,111.09375,915.0
2025-03-05 05:45:00+00:00,111.0625,111.09375,111.046875,111.078125,3034.0
2025-03-05 06:00:00+00:00,111.0625,111.078125,111.046875,111.0625,5054.0
2025-03-05 06:15:00+00:00,111.109375,111.125,111.046875,111.0625,6999.0
2025-03-05 06:30:00+00:00,111.09375,111.125,111.078125,111.109375,9300.0
2025-03-05 06:45:00+00:00,111.078125,111.109375,111.046875,111.09375,8818.0
2025-03-05 07:00:00+00:00,111.03125,111.078125,111.0,111.078125,18311.0
2025-03-05 07:15:00+00:00,110.953125,111.046875,110.9375,111.03125,13760.0
2025-03-05 07:30:00+00:00,110.921875,110.96875,110.890625,110.953125,27317.0
2025-03-05 07:45:00+00:00,111.015625,111.015625,110.921875,110.921875,21676.0
2025-03-05 08:00:00+00:00,111.03125,111.09375,110.984375,111.015625,25550.0
2025-03-05 08:15:00+00:00,111.046875,111.0625,110.96875,111.015625,23404.0
2025-03-05 08:30:00+00:00,111.140625,111.15625,111.03125,111.0625,39904.0
2025-03-05 08:45:00+00:00,111.140625,111.140625,111.09375,111.140625,18901.0
2025-03-05 09:00:00+00:00,111.15625,111.171875,111.09375,111.140625,29051.0
2025-03-05 09:15:00+00:00,111.0625,111.171875,111.03125,111.15625,27926.0
2025-03-05 09:30:00+00:00,111.046875,111.078125,111.0,111.0625,11559.0
2025-03-05 09:45:00+00:00,111.03125,111.0625,110.984375,111.03125,14953.0
2025-03-05 10:00:00+00:00,110.984375,111.015625,110.921875,111.015625,21078.0
2025-03-05 10:15:00+00:00,111.046875,111.0625,110.96875,110.96875,24579.0
2025-03-05 10:30:00+00:00,110.984375,111.046875,110.953125,111.046875,13545.0
2025-03-05 10:45:00+00:00,111.03125,111.03125,110.9375,110.984375,9703.0
2025-03-05 11:00:00+00:00,111.0,111.046875,110.96875,111.046875,11994.0
2025-03-05 11:15:00+00:00,111.046875,111.09375,111.03125,111.0780029296875,17906.0
2025-03-05 11:30:00+00:00,111.109375,111.140625,111.0,111.046875,30087.0
2025-03-05 11:45:00+00:00,111.15625,111.203125,111.0625,111.109375,31678.0
2025-03-05 12:00:00+00:00,111.203125,111.21875,111.09375,111.15625,32472.0
2025-03-05 12:15:00+00:00,111.140625,111.25,111.125,111.203125,31448.0
2025-03-05 12:30:00+00:00,111.09375,111.15625,111.046875,111.15625,31312.0
2025-03-05 12:45:00+00:00,111.0625,111.15625,111.015625,111.109375,34641.0
2025-03-05 13:00:00+00:00,111.015625,111.078125,110.890625,111.078125,78347.0
2025-03-05 13:15:00+00:00,111.28125,111.296875,111.046875,111.046875,118053.0
2025-03-05 13:30:00+00:00,111.25,111.328125,111.21875,111.28125,71758.0
2025-03-05 13:45:00+00:00,111.328125,111.390625,111.25,111.25,84446.0
2025-03-05 14:00:00+00:00,111.3125,111.421875,111.28125,111.328125,66203.0
2025-03-05 14:15:00+00:00,111.359375,111.390625,111.25,111.3125,47198.0
2025-03-05 14:30:00+00:00,111.421875,111.4375,111.296875,111.34375,78772.0
2025-03-05 14:45:00+00:00,111.4375,111.46875,111.3125,111.421875,91732.0
2025-03-05 15:00:00+00:00,111.15625,111.421875,111.0,111.421875,227075.0
2025-03-05 15:15:00+00:00,111.15625,111.234375,111.09375,111.15625,113494.0
2025-03-05 15:30:00+00:00,111.046875,111.1875,111.03125,111.125,75019.0
2025-03-05 15:45:00+00:00,110.90625,111.046875,110.875,111.046875,94013.0
2025-03-05 16:00:00+00:00,111.0625,111.109375,110.90625,110.90625,87267.0
2025-03-05 16:15:00+00:00,111.171875,111.203125,111.03125,111.0625,61477.0
2025-03-05 16:30:00+00:00,111.203125,111.21875,111.09375,111.171875,60287.0
2025-03-05 16:45:00+00:00,111.0,111.203125,110.921875,111.1875,2365479.0
2025-03-05 17:00:00+00:00,111.03125,111.109375,110.953125,111.015625,61201.0
2025-03-05 17:15:00+00:00,110.984375,111.03125,110.921875,111.015625,44177.0
2025-03-05 17:30:00+00:00,110.953125,111.015625,110.90625,111.0,40622.0
2025-03-05 17:45:00+00:00,110.84375,110.96875,110.8125,110.96875,76211.0
2025-03-05 18:00:00+00:00,110.875,110.96875,110.796875,110.84375,87501.0
2025-03-05 18:15:00+00:00,110.828125,110.90625,110.796875,110.859375,49860.0
2025-03-05 18:30:00+00:00,110.921875,110.9375,110.828125,110.84375,52819.0
2025-03-05 18:45:00+00:00,110.84375,110.90625,110.828125,110.90625,49507.0
2025-03-05 19:00:00+00:00,110.78125,110.875,110.75,110.84375,80411.0
2025-03-05 19:15:00+00:00,110.796875,110.8125,110.734375,110.78125,47672.0
2025-03-05 19:30:00+00:00,110.796875,110.828125,110.765625,110.796875,37406.0
2025-03-05 19:45:00+00:00,110.875,110.890625,110.796875,110.8125,130227.0
2025-03-05 20:00:00+00:00,110.8125,110.890625,110.765625,110.859375,66931.0
2025-03-05 20:15:00+00:00,110.765625,110.828125,110.75,110.8125,55826.0
2025-03-05 20:30:00+00:00,110.78125,110.796875,110.75,110.765625,25251.0
2025-03-05 20:45:00+00:00,110.765625,110.84375,110.75,110.78125,44837.0
2025-03-05 21:00:00+00:00,110.6875,110.78125,110.6875,110.765625,53707.0
2025-03-05 21:15:00+00:00,110.734375,110.75,110.671875,110.6875,26470.0
2025-03-05 21:30:00+00:00,110.78125,110.78125,110.734375,110.75,22800.0
2025-03-05 21:45:00+00:00,110.75,110.78125,110.734375,110.765625,5775.0
2025-03-05 23:00:00+00:00,110.75,110.78125,110.734375,110.75,6735.0
2025-03-05 23:15:00+00:00,110.734375,110.765625,110.71875,110.765625,2452.0
2025-03-05 23:30:00+00:00,110.6875,110.75,110.65625,110.75,7893.0
2025-03-05 23:45:00+00:00,110.671875,110.703125,110.65625,110.6875,4180.0
2025-03-06 00:00:00+00:00,110.609375,110.6875,110.59375,110.6875,9320.0
2025-03-06 00:15:00+00:00,110.5625,110.609375,110.5,110.609375,19488.0
2025-03-06 00:30:00+00:00,110.578125,110.59375,110.5625,110.578125,5353.0
2025-03-06 00:45:00+00:00,110.53125,110.578125,110.515625,110.578125,11194.0
2025-03-06 01:00:00+00:00,110.546875,110.546875,110.484375,110.53125,9221.0
2025-03-06 01:15:00+00:00,110.5625,110.578125,110.53125,110.546875,5897.0
2025-03-06 01:30:00+00:00,110.59375,110.59375,110.53125,110.5625,6250.0
2025-03-06 01:45:00+00:00,110.5625,110.59375,110.546875,110.578125,3996.0
2025-03-06 02:00:00+00:00,110.53125,110.5625,110.5,110.546875,8407.0
2025-03-06 02:15:00+00:00,110.453125,110.53125,110.4375,110.515625,17775.0
2025-03-06 02:30:00+00:00,110.484375,110.484375,110.421875,110.4375,13363.0
2025-03-06 02:45:00+00:00,110.5,110.515625,110.46875,110.484375,6657.0
2025-03-06 03:00:00+00:00,110.484375,110.5,110.453125,110.484375,4409.0
2025-03-06 03:15:00+00:00,110.484375,110.5,110.453125,110.484375,1984.0
2025-03-06 03:30:00+00:00,110.46875,110.5,110.46875,110.46875,6657.0
2025-03-06 03:45:00+00:00,110.46875,110.484375,110.453125,110.46875,3666.0
2025-03-06 04:00:00+00:00,110.453125,110.484375,110.4375,110.46875,5260.0
2025-03-06 04:15:00+00:00,110.453125,110.46875,110.453125,110.453125,3571.0
2025-03-06 04:30:00+00:00,110.46875,110.46875,110.453125,110.453125,683.0
2025-03-06 04:45:00+00:00,110.46875,110.46875,110.453125,110.453125,69.0
2025-03-06 05:00:00+00:00,110.46875,110.46875,110.4375,110.453125,5001.0
2025-03-06 05:15:00+00:00,110.46875,110.484375,110.453125,110.453125,4959.0
2025-03-06 05:30:00+00:00,110.453125,110.484375,110.453125,110.46875,4311.0
2025-03-06 05:45:00+00:00,110.46875,110.484375,110.453125,110.453125,5595.0
2025-03-06 06:00:00+00:00,110.515625,110.53125,110.46875,110.46875,7188.0
2025-03-06 06:15:00+00:00,110.5,110.53125,110.484375,110.53125,10602.0
2025-03-06 06:30:00+00:00,110.53125,110.546875,110.484375,110.515625,8935.0
2025-03-06 06:45:00+00:00,110.53125,110.546875,110.5,110.53125,9758.0
2025-03-06 07:00:00+00:00,110.53125,110.546875,110.484375,110.53125,11930.0
2025-03-06 07:15:00+00:00,110.5,110.53125,110.484375,110.53125,11661.0
2025-03-06 07:30:00+00:00,110.484375,110.515625,110.4375,110.5,16010.0
2025-03-06 07:45:00+00:00,110.4375,110.5,110.40625,110.484375,30423.0
2025-03-06 08:00:00+00:00,110.5,110.53125,110.40625,110.4375,29779.0
2025-03-06 08:15:00+00:00,110.515625,110.5625,110.453125,110.5,27748.0
2025-03-06 08:30:00+00:00,110.5625,110.578125,110.5,110.53125,24702.0
2025-03-06 08:45:00+00:00,110.515625,110.578125,110.5,110.5625,22567.0
2025-03-06 09:00:00+00:00,110.5625,110.5625,110.515625,110.515625,20182.0
2025-03-06 09:15:00+00:00,110.609375,110.625,110.546875,110.5625,34832.0
2025-03-06 09:30:00+00:00,110.640625,110.640625,110.59375,110.609375,17895.0
2025-03-06 09:45:00+00:00,110.625,110.640625,110.59375,110.640625,23149.0
2025-03-06 10:00:00+00:00,110.640625,110.6875,110.609375,110.640625,18804.0
2025-03-06 10:15:00+00:00,110.640625,110.65625,110.59375,110.640625,8709.0
2025-03-06 10:30:00+00:00,110.671875,110.671875,110.578125,110.640625,14649.0
2025-03-06 10:45:00+00:00,110.6875,110.703125,110.609375,110.65625,13765.0
2025-03-06 11:00:00+00:00,110.6875,110.703125,110.625,110.671875,12721.0
2025-03-06 11:15:00+00:00,110.703125,110.71875,110.671875,110.68800354003906,16581.0
2025-03-06 11:30:00+00:00,110.65625,110.71875,110.65625,110.703125,15087.0
2025-03-06 11:45:00+00:00,110.609375,110.671875,110.609375,110.65625,16392.0
2025-03-06 12:00:00+00:00,110.59375,110.640625,110.53125,110.609375,31156.0
2025-03-06 12:15:00+00:00,110.578125,110.65625,110.5625,110.578125,23959.0
2025-03-06 12:30:00+00:00,110.75,110.8125,110.578125,110.578125,58206.0
2025-03-06 12:45:00+00:00,110.828125,110.859375,110.75,110.765625,60048.0
2025-03-06 13:00:00+00:00,110.890625,110.921875,110.8125,110.828125,59459.0
2025-03-06 13:15:00+00:00,110.90625,110.9375,110.8125,110.890625,80256.0
2025-03-06 13:30:00+00:00,110.703125,110.890625,110.6875,110.890625,109553.0
2025-03-06 13:45:00+00:00,110.78125,110.796875,110.6875,110.71875,82834.0
2025-03-06 14:00:00+00:00,110.71875,110.859375,110.6875,110.78125,104638.0
2025-03-06 14:15:00+00:00,110.734375,110.78125,110.671875,110.71875,72219.0
2025-03-06 14:30:00+00:00,110.8125,110.9375,110.703125,110.734375,102607.0
2025-03-06 14:45:00+00:00,110.75,110.828125,110.65625,110.8125,73794.0
2025-03-06 15:00:00+00:00,110.578125,110.765625,110.546875,110.734375,112591.0
2025-03-06 15:15:00+00:00,110.40625,110.59375,110.390625,110.5625,130605.0
2025-03-06 15:30:00+00:00,110.453125,110.5,110.390625,110.40625,89937.0
2025-03-06 15:45:00+00:00,110.5,110.5625,110.40625,110.4375,65594.0
2025-03-06 16:00:00+00:00,110.421875,110.515625,110.390625,110.5,65875.0
2025-03-06 16:15:00+00:00,110.484375,110.53125,110.390625,110.421875,92432.0
2025-03-06 16:30:00+00:00,110.578125,110.59375,110.421875,110.46875,95756.0
2025-03-06 16:45:00+00:00,110.609375,110.640625,110.546875,110.578125,70682.0
2025-03-06 17:00:00+00:00,110.671875,110.71875,110.546875,110.625,75641.0
2025-03-06 17:15:00+00:00,110.71875,110.734375,110.609375,110.671875,62555.0
2025-03-06 17:30:00+00:00,110.71875,110.734375,110.671875,110.71875,47150.0
2025-03-06 17:45:00+00:00,110.6875,110.828125,110.671875,110.734375,75647.0
2025-03-06 18:00:00+00:00,110.78125,110.78125,110.6875,110.703125,50240.0
2025-03-06 18:15:00+00:00,110.734375,110.78125,110.6875,110.78125,39442.0
2025-03-06 18:30:00+00:00,110.8125,110.828125,110.671875,110.734375,47761.0
2025-03-06 18:45:00+00:00,110.8125,110.828125,110.75,110.8125,39609.0
2025-03-06 19:00:00+00:00,110.796875,110.828125,110.75,110.8125,34150.0
2025-03-06 19:15:00+00:00,110.828125,110.84375,110.765625,110.8125,33162.0
2025-03-06 19:30:00+00:00,110.796875,110.859375,110.78125,110.828125,31305.0
2025-03-06 19:45:00+00:00,110.796875,110.8125,110.71875,110.78125,113582.0
2025-03-06 20:00:00+00:00,110.734375,110.84375,110.734375,110.796875,82660.0
2025-03-06 20:15:00+00:00,110.78125,110.8125,110.734375,110.75,48557.0
2025-03-06 20:30:00+00:00,110.78125,110.828125,110.75,110.78125,48788.0
2025-03-06 20:45:00+00:00,110.75,110.8125,110.734375,110.796875,38147.0
2025-03-06 21:00:00+00:00,110.765625,110.765625,110.71875,110.75,26203.0
2025-03-06 21:15:00+00:00,110.796875,110.796875,110.734375,110.75,13738.0
2025-03-06 21:30:00+00:00,110.8125,110.84375,110.796875,110.796875,31523.0
2025-03-06 21:45:00+00:00,110.828125,110.84375,110.8125,110.8125,10633.0
2025-03-06 23:00:00+00:00,110.828125,110.859375,110.8125,110.828125,5051.0
2025-03-06 23:15:00+00:00,110.84375,110.84375,110.828125,110.828125,2939.0
2025-03-06 23:30:00+00:00,110.8125,110.84375,110.8125,110.84375,2637.0
2025-03-06 23:45:00+00:00,110.828125,110.84375,110.796875,110.8125,2580.0
2025-03-07 00:00:00+00:00,110.828125,110.84375,110.8125,110.828125,4309.0
2025-03-07 00:15:00+00:00,111.0,111.0,110.8125,110.84375,14362.0
2025-03-07 00:30:00+00:00,110.921875,111.0,110.90625,110.984375,7004.0
2025-03-07 00:45:00+00:00,110.96875,110.984375,110.90625,110.921875,6233.0
2025-03-07 01:00:00+00:00,110.96875,111.0,110.9375,110.96875,7964.0
2025-03-07 01:15:00+00:00,110.9375,111.0,110.921875,110.984375,4064.0
2025-03-07 01:30:00+00:00,110.9375,110.96875,110.9375,110.9375,2514.0
2025-03-07 01:45:00+00:00,110.984375,110.984375,110.9375,110.9375,5091.0
2025-03-07 02:00:00+00:00,110.96875,110.984375,110.9375,110.984375,3958.0
2025-03-07 02:15:00+00:00,110.984375,111.0,110.953125,110.96875,2270.0
2025-03-07 02:30:00+00:00,110.984375,111.015625,110.96875,110.984375,4254.0
2025-03-07 02:45:00+00:00,111.0,111.0,110.96875,110.984375,1728.0
2025-03-07 03:00:00+00:00,111.0,111.03125,110.984375,111.0,4289.0
2025-03-07 03:15:00+00:00,111.015625,111.03125,111.0,111.015625,2549.0
2025-03-07 03:30:00+00:00,111.015625,111.015625,110.984375,111.0,89113.0
2025-03-07 03:45:00+00:00,111.03125,111.03125,110.984375,111.0,4626.0
2025-03-07 04:00:00+00:00,111.0,111.03125,111.0,111.015625,4279.0
2025-03-07 04:15:00+00:00,110.984375,111.015625,110.984375,111.0,734.0
2025-03-07 04:30:00+00:00,111.015625,111.015625,110.984375,110.984375,1267.0
2025-03-07 04:45:00+00:00,111.0,111.03125,111.0,111.0,1024.0
2025-03-07 05:00:00+00:00,111.015625,111.0625,111.0,111.015625,5889.0
2025-03-07 05:15:00+00:00,111.0,111.015625,111.0,111.015625,5197.0
2025-03-07 05:30:00+00:00,111.03125,111.046875,111.0,111.015625,3075.0
2025-03-07 05:45:00+00:00,111.09375,111.09375,111.03125,111.046875,6166.0
2025-03-07 06:00:00+00:00,111.046875,111.09375,111.046875,111.09375,3319.0
2025-03-07 06:15:00+00:00,111.046875,111.0625,111.03125,111.046875,4589.0
2025-03-07 06:30:00+00:00,111.078125,111.09375,111.015625,111.0625,5104.0
2025-03-07 06:45:00+00:00,111.078125,111.09375,111.03125,111.078125,5556.0
2025-03-07 07:00:00+00:00,111.015625,111.0625,110.96875,111.0625,13463.0
2025-03-07 07:15:00+00:00,110.953125,111.03125,110.9375,111.015625,7649.0
2025-03-07 07:30:00+00:00,110.96875,110.984375,110.921875,110.96875,7284.0
2025-03-07 07:45:00+00:00,110.953125,110.96875,110.90625,110.96875,9134.0
2025-03-07 08:00:00+00:00,110.90625,110.9375,110.890625,110.9375,16389.0
2025-03-07 08:15:00+00:00,110.921875,110.96875,110.890625,110.90625,11900.0
2025-03-07 08:30:00+00:00,110.96875,111.0,110.890625,110.90625,17765.0
2025-03-07 08:45:00+00:00,111.015625,111.03125,110.9375,110.96875,9712.0
2025-03-07 09:00:00+00:00,110.984375,111.03125,110.953125,111.015625,10124.0
2025-03-07 09:15:00+00:00,110.953125,110.953125,110.890625,110.90599822998047,14359.0
2025-03-07 09:30:00+00:00,110.90625,110.953125,110.890625,110.953125,9190.0
2025-03-07 09:45:00+00:00,110.90625,110.953125,110.890625,110.890625,12165.0
2025-03-07 10:00:00+00:00,110.890625,110.90625,110.859375,110.890625,12519.0
2025-03-07 10:15:00+00:00,110.921875,110.953125,110.890625,110.890625,9289.0
2025-03-07 10:30:00+00:00,110.921875,110.9375,110.890625,110.921875,12646.0
2025-03-07 10:45:00+00:00,110.90625,110.921875,110.890625,110.921875,9115.0
2025-03-07 11:00:00+00:00,110.921875,110.921875,110.859375,110.890625,15629.0
2025-03-07 11:15:00+00:00,110.90625,110.9375,110.890625,110.921875,12740.0
2025-03-07 11:30:00+00:00,110.953125,110.96875,110.890625,110.90625,14635.0
2025-03-07 11:45:00+00:00,110.90625,110.9375,110.859375,110.9375,14428.0
2025-03-07 12:00:00+00:00,110.984375,111.0,110.90625,110.90625,13313.0
2025-03-07 12:15:00+00:00,111.015625,111.015625,110.953125,110.984375,26703.0
2025-03-07 12:30:00+00:00,110.984375,111.03125,110.953125,111.015625,23508.0
2025-03-07 12:45:00+00:00,111.03125,111.03125,110.9375,110.984375,21162.0
2025-03-07 13:00:00+00:00,111.046875,111.0625,110.984375,111.015625,52734.0
2025-03-07 13:15:00+00:00,111.0625,111.078125,110.984375,111.046875,56525.0
2025-03-07 13:30:00+00:00,111.0625,111.3125,110.75,111.03125,271553.0
2025-03-07 13:45:00+00:00,111.328125,111.359375,111.03125,111.0625,141323.0
2025-03-07 14:00:00+00:00,111.25,111.34375,111.1875,111.3125,122247.0
2025-03-07 14:15:00+00:00,111.21875,111.28125,111.125,111.25,88492.0
2025-03-07 14:30:00+00:00,111.0625,111.234375,111.0,111.21875,147442.0
2025-03-07 14:45:00+00:00,111.078125,111.09375,110.9375,111.0625,99019.0
2025-03-07 15:00:00+00:00,111.046875,111.125,110.9375,111.09375,83956.0
2025-03-07 15:15:00+00:00,111.0,111.125,111.0,111.046875,59173.0
2025-03-07 15:30:00+00:00,111.15625,111.25,111.015625,111.015625,86535.0
2025-03-07 15:45:00+00:00,111.015625,111.171875,110.921875,111.171875,161928.0
2025-03-07 16:00:00+00:00,111.046875,111.078125,110.953125,111.015625,65387.0
2025-03-07 16:15:00+00:00,111.125,111.171875,111.03125,111.03125,66228.0
2025-03-07 16:30:00+00:00,111.15625,111.203125,111.078125,111.109375,51319.0
2025-03-07 16:45:00+00:00,111.203125,111.265625,111.125,111.15625,49976.0
2025-03-07 17:00:00+00:00,111.21875,111.25,111.125,111.1875,54309.0
2025-03-07 17:15:00+00:00,111.109375,111.234375,111.109375,111.21875,41166.0
2025-03-07 17:30:00+00:00,111.015625,111.109375,111.0,111.109375,63815.0
2025-03-07 17:45:00+00:00,110.953125,111.015625,110.84375,111.0,96116.0
2025-03-07 18:00:00+00:00,110.765625,110.953125,110.75,110.9375,66019.0
2025-03-07 18:15:00+00:00,110.703125,110.765625,110.6875,110.765625,75218.0
2025-03-07 18:30:00+00:00,110.65625,110.765625,110.59375,110.71875,68415.0
2025-03-07 18:45:00+00:00,110.5625,110.671875,110.5625,110.640625,52691.0
2025-03-07 19:00:00+00:00,110.53125,110.578125,110.5,110.5625,70825.0
2025-03-07 19:15:00+00:00,110.5,110.5625,110.46875,110.515625,60764.0
2025-03-07 19:30:00+00:00,110.53125,110.546875,110.46875,110.515625,43821.0
2025-03-07 19:45:00+00:00,110.5625,110.59375,110.5,110.53125,78019.0
2025-03-07 20:00:00+00:00,110.578125,110.625,110.546875,110.578125,54144.0
2025-03-07 20:15:00+00:00,110.578125,110.609375,110.5625,110.578125,30428.0
2025-03-07 20:30:00+00:00,110.578125,110.640625,110.5625,110.59375,27940.0
2025-03-07 20:45:00+00:00,110.59375,110.609375,110.53125,110.59375,34770.0
2025-03-07 21:00:00+00:00,110.65625,110.703125,110.59375,110.59375,43385.0
2025-03-07 21:15:00+00:00,110.625,110.65625,110.609375,110.65625,10242.0
2025-03-07 21:30:00+00:00,110.65625,110.65625,110.625,110.625,6810.0
2025-03-07 21:45:00+00:00,110.65625,110.671875,110.625,110.640625,13934.0
2025-03-09 22:00:00+00:00,110.90625,110.96875,110.75,110.765625,20368.0
2025-03-09 22:15:00+00:00,110.84375,110.921875,110.84375,110.90625,8798.0
2025-03-09 22:30:00+00:00,110.859375,110.890625,110.84375,110.859375,5355.0
2025-03-09 22:45:00+00:00,110.890625,110.890625,110.84375,110.859375,1820.0
2025-03-09 23:00:00+00:00,110.921875,110.921875,110.875,110.890625,813.0
